InvoiceNo,StockCode,Description,Quantity,InvoiceDate,UnitPrice,CustomerID,Country
770487,P2824,Purpose Brother,2,2023-09-01,74.41,10031,Spain
246316,P2679,Site Face,44,2024-02-19,74.33,10069,Germany
719176,P7912,Dog Chair,3,2025-03-07,3.95,10027,Spain
629903,P1434,Blue Require,36,2025-03-10,20.68,10083,Norway
539898,P4611,Wait Offer,29,2023-10-19,59.34,10000,France
832052,P7924,Performance Knowledge,22,2023-09-06,28.51,10027,Netherlands
207175,P2519,All Better,25,2024-01-29,10.57,10044,Denmark
377370,P1711,Early Mouth,47,2024-11-22,46.48,10015,Belgium
182627,P5803,Agreement Option,41,2024-01-14,62.23,10046,Denmark
301629,P2139,Sense Rate,3,2025-02-07,66.47,10098,Italy
183667,P4814,Offer Kind,7,2024-01-31,38.63,10058,Netherlands
270555,P7065,List Perform,23,2024-03-16,21.74,10034,Germany
738720,P3803,Table True,35,2023-08-18,73.18,10020,Sweden
497887,P5422,Song Sure,41,2023-12-15,69.13,10028,Netherlands
983794,P1916,Save Knowledge,15,2024-05-03,82.36,10040,Belgium
380746,P2084,Fall Clearly,14,2024-01-27,91.4,10072,Netherlands
322955,P9179,Source Great,26,2023-10-31,88.58,10082,Sweden
249811,P5339,Best Husband,9,2023-10-27,25.42,10071,Norway
375504,P8019,Her Throw,38,2024-05-06,40.54,10028,France
634277,P9085,Pm Everything,6,2025-04-30,75.82,10014,France
757924,P3621,Animal Show,44,2024-08-03,42.79,10008,Belgium
500156,P8668,Not Capital,34,2025-07-29,25.89,10070,UK
813328,P2876,Human Bar,44,2024-10-14,88.59,10096,Italy
905934,P6573,Finally Themselves,8,2024-12-13,30.06,10020,Sweden
103402,P5315,Present Value,33,2025-06-12,76.43,10064,Germany
755674,P5889,High Participant,41,2024-01-09,51.26,10025,France
492077,P3646,Sea Available,35,2023-09-17,95.4,10067,UK
728038,P6310,Recently Drive,32,2025-04-04,2.93,10046,Italy
351083,P1949,Figure Base,16,2025-06-07,87.92,10010,Germany
867460,P8962,Early Trial,5,2023-10-30,97.82,10068,France
234628,P8787,Husband Fall,36,2024-07-30,17.35,10067,Denmark
543692,P4470,Prove They,35,2024-05-22,75.77,10088,Spain
847581,P6107,Commercial Hospital,26,2024-05-14,99.52,10083,Netherlands
559381,P9479,Determine Religious,29,2024-03-07,12.98,10028,Germany
454508,P1344,Science Write,38,2025-01-24,55.84,10075,Spain
107540,P2163,Raise Away,46,2024-11-28,63.48,10029,Germany
132938,P6413,Prove Congress,5,2024-09-30,51.9,10035,Sweden
324643,P9834,Shoulder Election,9,2023-12-17,72.61,10073,Denmark
595631,P4981,Maintain Hundred,31,2024-03-09,80.94,10024,Germany
201639,P8062,Wish Push,23,2025-01-28,42.93,10059,UK
806073,P2612,Onto Discuss,4,2025-01-25,40.86,10043,Germany
360735,P4139,Garden Threat,13,2025-03-31,54.09,10017,Belgium
292401,P5563,Stand Arrive,30,2024-02-06,25.73,10009,Sweden
947272,P2604,Term Almost,4,2025-04-29,65.56,10069,UK
197793,P4872,Four Institution,11,2024-03-07,41.23,10061,Spain
520521,P1960,Attorney Development,11,2025-07-22,38.52,10049,Italy
922157,P8454,Yes Our,19,2025-06-23,42.88,10093,Norway
794022,P8973,Serious Forward,10,2024-01-25,19.8,10027,UK
707314,P9883,Reality Money,4,2024-06-15,75.05,10007,UK
712554,P8811,Usually Who,33,2024-12-24,92.02,10067,France
159642,P9320,Low Character,6,2024-03-05,85.28,10008,Denmark
171262,P4853,Chair Employee,26,2025-03-13,12.87,10072,Spain
707040,P1651,Option Nothing,40,2024-03-04,9.12,10084,Denmark
692683,P9565,Skin Pattern,21,2024-07-10,93.54,10026,Netherlands
350280,P5351,Water Past,26,2024-06-18,13.96,10082,Italy
579434,P6180,High Discuss,49,2023-11-28,93.64,10001,Sweden
751332,P2638,Mr Minute,5,2023-10-22,54.23,10064,Italy
238890,P6718,Someone Anyone,5,2025-06-11,88.05,10047,Italy
265409,P8179,Break Claim,35,2024-12-12,70.65,10078,Norway
108203,P5905,Collection Structure,43,2025-01-22,11.26,10017,Italy
221035,P2753,Knowledge Pick,48,2023-10-01,55.77,10034,Italy
734210,P4450,Image I,46,2024-11-17,34.95,10087,Italy
629959,P9004,Management Newspaper,17,2024-02-24,90.63,10006,Germany
765095,P7939,On Traditional,18,2023-08-21,5.36,10042,France
768061,P5291,Response Set,11,2023-11-09,74.38,10070,Belgium
688153,P1158,Rest Value,8,2024-10-03,8.45,10088,France
672092,P1590,Social Example,24,2025-03-31,58.67,10018,Belgium
233636,P1685,Put Grow,20,2023-11-07,37.1,10005,Netherlands
320281,P5088,Finally Learn,43,2023-12-13,11.18,10099,Norway
526117,P3532,Long About,16,2025-02-23,86.6,10022,Belgium
125990,P3938,Type Serve,48,2024-03-04,92.52,10100,Belgium
941204,P5065,Month Sound,18,2023-12-29,16.76,10089,Germany
501124,P1634,Movement While,31,2023-11-03,23.02,10058,Netherlands
420015,P4728,Truth Process,15,2024-03-31,3.34,10024,Belgium
444207,P5564,Thought Purpose,5,2024-09-10,96.72,10035,Netherlands
772642,P9346,Politics Decide,26,2023-12-09,68.27,10068,Netherlands
128941,P2889,Hour Sound,17,2023-12-16,18.68,10033,UK
213668,P8119,Notice Start,23,2025-07-29,73.13,10040,Belgium
735656,P9379,Nice Why,8,2023-08-13,39.13,10073,Spain
367095,P1727,Place Game,46,2024-08-26,44.17,10066,Norway
820221,P4228,After Brother,24,2025-08-03,43.7,10085,Netherlands
753425,P6143,Him Unit,43,2025-05-19,84.95,10092,Italy
631756,P6067,Surface Food,43,2024-02-14,41.43,10051,Italy
681343,P3085,Article Effect,13,2025-06-24,42.62,10048,France
745414,P5930,Our Your,26,2023-10-13,55.25,10000,Italy
400850,P4443,Bed Sign,28,2024-08-24,78.79,10077,Netherlands
587575,P8238,Team Authority,29,2025-03-25,67.89,10065,Sweden
932291,P3780,No Space,43,2023-11-18,9.39,10065,Denmark
451470,P2530,Career Receive,49,2024-08-16,24.25,10039,Spain
945742,P4262,Your Often,10,2023-12-19,3.42,10031,Sweden
740967,P2193,Evidence News,30,2025-06-20,42.03,10080,Denmark
303880,P7291,Policy Land,32,2024-01-24,40.57,10018,UK
887443,P2746,Woman Notice,50,2025-03-21,43.09,10022,Norway
587115,P1822,Show Road,36,2024-01-16,25.67,10015,Sweden
239816,P8612,Sell Forget,43,2024-06-17,53.58,10071,Denmark
432711,P8251,Remain Rate,40,2024-05-29,81.69,10064,Belgium
970914,P9976,Left We,29,2024-09-18,89.82,10095,Sweden
571932,P5246,Live Camera,49,2024-02-21,25.48,10081,Italy
903013,P9540,Down Attack,32,2024-05-01,63.05,10035,Sweden
181247,P5681,Against Per,16,2024-10-16,27.9,10040,Norway
184491,P3267,Drug Per,10,2024-01-31,23.89,10088,France
840734,P4505,Account Avoid,5,2025-02-12,42.07,10042,Norway
588557,P7812,Program Artist,4,2024-02-06,21.48,10053,Belgium
907189,P1320,Author Western,49,2023-09-06,57.99,10061,UK
468845,P5892,Trade Give,49,2023-10-07,39.61,10053,Norway
883826,P9947,My Economy,39,2024-03-16,89.88,10062,Spain
386193,P8140,Relationship Mention,32,2024-01-26,3.87,10043,Belgium
859359,P3704,Notice Cause,30,2025-02-24,92.03,10079,Norway
128276,P7455,Worry Us,38,2024-10-29,56.87,10003,Germany
773971,P8022,Part Material,9,2024-02-17,86.82,10023,UK
372793,P7211,Still Material,21,2025-05-01,21.95,10041,Netherlands
898207,P7211,Investment Customer,18,2023-10-25,75.45,10053,Italy
975467,P2341,Bill Reason,31,2024-07-12,2.92,10069,UK
466960,P4673,Health Land,42,2024-06-27,7.79,10083,UK
890870,P1508,Manage Treat,16,2025-03-01,20.74,10002,Denmark
259784,P4908,Arm Report,9,2025-01-01,47.88,10014,Denmark
328552,P8619,Race Billion,45,2023-09-29,26.37,10047,France
735324,P2876,Interesting Should,50,2024-05-02,82.11,10039,Germany
706794,P1420,Such Training,20,2023-11-05,58.0,10048,Belgium
849747,P4249,Energy Dark,5,2024-01-07,59.62,10080,Spain
206851,P5941,Not List,44,2023-11-29,60.44,10015,Denmark
920652,P1672,Knowledge Cover,23,2024-03-16,53.74,10084,Netherlands
172306,P9289,Maintain Enjoy,42,2025-06-22,34.78,10053,Sweden
210665,P8102,Wind Bag,24,2024-07-22,63.92,10058,France
556641,P3885,System Training,47,2025-06-07,52.65,10083,Italy
745830,P9817,Oil Billion,50,2023-09-21,48.87,10055,Denmark
381433,P6280,Reach Now,16,2025-05-23,83.24,10011,Italy
572700,P4995,Administration Better,49,2025-08-01,47.01,10078,Belgium
452737,P1470,Some Time,32,2024-02-12,85.24,10023,Sweden
322423,P6813,Compare Investment,17,2024-08-24,34.69,10076,Italy
682789,P1166,Medical Different,34,2025-06-14,94.86,10010,Spain
855053,P7658,Institution Weight,32,2023-09-27,55.96,10030,Sweden
777278,P9041,Community Hundred,29,2023-08-14,79.5,10011,Italy
332360,P7625,In Evidence,45,2025-08-01,25.09,10084,Denmark
486945,P8753,Step Still,36,2024-07-31,53.56,10054,Norway
446859,P6764,Feeling Land,45,2025-02-04,45.92,10039,Italy
341736,P2976,Side Step,47,2024-10-17,20.07,10015,Norway
899213,P4033,Recently Serious,13,2024-08-25,22.42,10061,Italy
859782,P9595,Clear Customer,39,2024-03-30,29.02,10012,Spain
410636,P4727,Director Article,24,2024-11-04,18.76,10001,Norway
232731,P5494,Simply Occur,3,2023-09-29,97.46,10070,Italy
831295,P3068,Small Former,41,2023-09-26,86.98,10062,Germany
112861,P5658,Apply Pattern,31,2024-08-17,48.39,10043,France
153872,P5136,Morning Wide,31,2025-06-05,12.29,10008,Belgium
615633,P2213,Nice Coach,37,2023-09-26,63.32,10006,France
256445,P5978,Movie Be,6,2025-06-04,99.4,10015,Norway
901577,P7818,Cultural Authority,39,2024-11-17,60.02,10079,Spain
913373,P9561,Author Republican,25,2025-06-12,45.6,10056,Italy
717113,P8025,Easy International,20,2023-11-14,57.29,10007,Denmark
876039,P2625,Year Voice,49,2024-10-28,21.57,10027,Italy
792509,P2330,Employee Particular,11,2024-11-16,24.75,10070,Germany
264136,P1043,Among President,27,2023-10-15,45.6,10076,Sweden
405407,P1534,Kind Really,15,2024-11-08,29.52,10036,Sweden
174637,P4824,Other Necessary,17,2024-04-14,78.99,10080,Denmark
793300,P4241,Worry Every,28,2024-01-18,12.36,10028,France
378535,P3330,Relationship Sense,5,2024-04-13,6.9,10039,Denmark
885339,P5728,Edge Evidence,29,2024-06-15,13.31,10088,Italy
833723,P7594,Catch Remain,18,2024-12-26,50.55,10063,Sweden
184349,P1653,First Lot,28,2024-04-14,73.72,10077,Italy
127121,P2496,Woman Society,15,2025-08-08,96.23,10073,Denmark
121753,P5415,Baby Act,37,2024-08-02,4.98,10096,France
593355,P9502,Pretty Order,42,2023-10-29,44.78,10035,France
713762,P8141,Back Note,41,2024-01-25,81.61,10011,Sweden
464863,P7690,Move Evidence,22,2023-11-23,32.78,10013,France
445824,P7744,Worker Happy,45,2025-06-27,50.05,10084,Belgium
953085,P1601,Authority Until,30,2024-02-18,9.72,10032,Netherlands
221552,P7622,Hope Feel,33,2023-12-13,82.67,10000,Norway
584417,P7770,Left These,4,2024-10-07,19.57,10046,Denmark
893188,P9167,Score Five,41,2024-11-30,44.76,10006,Spain
380028,P9998,Surface Ready,9,2024-09-26,92.84,10056,Sweden
227324,P1472,Across Region,41,2025-05-08,61.28,10030,France
425845,P1224,Once Firm,36,2025-08-05,41.39,10028,Germany
583863,P2924,Record Body,42,2025-08-11,83.38,10063,Italy
633590,P5479,Unit Center,27,2024-03-05,83.64,10060,Spain
578975,P3369,Business Voice,25,2023-11-04,19.87,10076,Norway
882544,P3236,Situation On,5,2023-12-11,28.35,10053,Netherlands
925981,P9318,Expert Father,18,2024-11-24,82.23,10036,Italy
978157,P9022,Develop Series,10,2024-05-05,45.21,10061,Netherlands
448588,P9903,Democrat Right,25,2024-12-17,46.08,10041,Spain
831380,P4912,Tonight Everything,37,2024-09-08,38.91,10099,Belgium
145767,P6213,Middle Enter,48,2025-07-16,47.82,10048,Belgium
795928,P3492,Whatever Throughout,32,2023-09-21,96.52,10016,Norway
718849,P6439,Best Protect,7,2024-07-07,87.54,10056,Germany
651499,P8486,Themselves Factor,1,2023-09-16,72.52,10052,France
178463,P8692,About Goal,17,2025-04-02,34.52,10088,Belgium
781403,P2315,Case Public,22,2024-03-03,85.38,10068,Belgium
432043,P8994,Color Site,35,2024-07-21,4.55,10008,Spain
761820,P5708,Ok Season,15,2024-07-10,74.93,10055,Germany
897305,P2646,Option Act,29,2023-11-07,17.47,10038,UK
148225,P6314,Bag You,4,2025-06-28,30.04,10047,Belgium
252640,P5000,Rock Well,34,2023-12-06,41.79,10087,France
278240,P3868,Offer Also,6,2025-05-22,61.34,10048,Denmark
816318,P4945,Hope Pass,32,2024-10-15,91.37,10018,Spain
583550,P5161,Choose Law,30,2023-11-19,26.28,10001,Sweden
401603,P9955,Analysis Foot,11,2024-05-22,8.31,10044,Denmark
413685,P7951,Way Worker,45,2025-04-22,25.76,10038,Spain
503380,P8916,Traditional Among,7,2025-07-11,24.48,10073,Netherlands
702733,P5847,Help Develop,45,2025-01-23,30.23,10084,Belgium
387813,P1132,Enjoy Reflect,37,2023-10-31,86.64,10099,UK
735863,P9138,Health State,19,2024-10-20,77.8,10029,Denmark
940886,P6772,Usually Two,15,2024-06-23,64.03,10079,Italy
810687,P3240,Pressure So,41,2023-12-11,10.62,10080,UK
423939,P8222,Wish Wonder,3,2024-02-12,58.38,10093,France
194511,P5835,Treatment Commercial,21,2025-04-25,75.0,10022,Spain
238579,P9837,Talk Cost,24,2025-06-27,53.55,10034,France
369452,P8894,Itself Ago,19,2023-12-30,74.91,10043,Germany
591081,P2233,Since Window,10,2024-04-27,75.66,10028,Belgium
986827,P6992,Stay Word,6,2024-06-27,79.28,10001,Italy
662636,P3024,Suffer Relationship,30,2025-06-14,37.49,10095,Italy
712955,P7242,Simple Talk,41,2024-02-21,94.09,10013,Spain
594379,P1410,Example Collection,40,2025-04-15,88.54,10071,Netherlands
739717,P4626,Science Box,42,2024-06-05,7.26,10059,Italy
780776,P7689,Turn American,8,2025-06-09,14.84,10004,Italy
616554,P2902,Many Doctor,7,2024-01-15,24.25,10068,France
507524,P8432,Technology Why,24,2024-08-04,67.38,10095,Norway
539486,P3531,Hard Focus,27,2025-05-11,65.84,10062,Denmark
527940,P5583,Stuff Try,3,2024-02-05,69.34,10027,Sweden
566297,P4868,Dog Agent,24,2025-01-06,10.84,10087,Netherlands
670913,P6876,Data Inside,4,2024-04-23,40.42,10024,Germany
989227,P8450,Family Treatment,6,2023-10-05,66.61,10082,Denmark
122394,P1828,Spring Family,22,2024-05-11,25.11,10016,Denmark
315173,P2124,Put Mr,49,2024-06-18,55.87,10075,Spain
952547,P4817,Respond Threat,22,2024-10-02,77.66,10100,Denmark
102973,P5542,Glass Wrong,10,2023-09-03,98.77,10069,Italy
937302,P3858,Business Understand,8,2024-03-02,66.44,10003,France
115582,P6869,Could Partner,16,2024-03-06,59.3,10002,France
378258,P1858,American Boy,9,2024-11-18,74.43,10067,Germany
881886,P2041,Leader Hair,31,2025-02-28,45.38,10046,Norway
722503,P2786,Stop Former,29,2024-07-16,50.88,10078,UK
862569,P9543,Police Much,20,2023-11-10,46.35,10003,UK
602248,P7580,Image We,28,2024-11-02,68.92,10062,Sweden
177060,P2323,Customer Environmental,21,2023-09-16,61.22,10008,France
388375,P9984,Section Least,46,2023-08-14,33.19,10076,Norway
409222,P8433,Nature Wish,33,2025-04-30,60.94,10012,Germany
994217,P4522,Nothing Right,28,2025-02-21,45.7,10029,Belgium
455395,P8430,Yard Site,26,2025-03-07,42.18,10012,Netherlands
547494,P6120,Religious Debate,43,2024-05-21,26.23,10019,Sweden
170394,P2494,Lawyer Available,6,2025-01-09,10.23,10012,Netherlands
951201,P3131,Wife Give,36,2024-12-09,6.94,10071,Norway
445658,P3002,Former Record,27,2025-06-01,36.01,10085,Belgium
856086,P1842,Capital Service,19,2025-07-12,60.44,10045,Germany
705991,P9313,First Movement,14,2024-04-09,16.32,10061,Spain
988432,P2773,Reflect Issue,23,2024-04-22,84.69,10047,Germany
899649,P5564,Interesting Same,37,2024-03-29,23.39,10054,Norway
904711,P1430,Once Care,39,2024-01-09,92.98,10088,Italy
130359,P3955,Kitchen Red,18,2025-08-12,70.57,10039,Netherlands
468074,P1100,Hundred Research,12,2025-03-16,87.12,10072,Belgium
172965,P3324,Weight Contain,48,2024-12-03,63.68,10003,Germany
882354,P9691,Outside Fish,14,2024-06-23,38.24,10058,Netherlands
265055,P7062,Official These,20,2023-08-13,72.44,10099,Denmark
725185,P2391,Fly Few,4,2024-01-23,16.4,10096,Denmark
152179,P2336,Law Stock,18,2024-11-05,44.87,10054,Sweden
736565,P8242,Policy Real,27,2024-04-19,28.04,10096,Norway
219346,P6655,Make Letter,28,2024-07-21,11.98,10086,Denmark
610271,P9633,Republican Different,43,2024-09-13,31.53,10028,Belgium
728437,P1897,Material Student,1,2025-07-12,21.24,10027,France
901280,P5186,Style Simply,19,2023-12-22,33.48,10000,Sweden
883301,P8055,Reason Become,12,2024-03-20,13.79,10068,Spain
624563,P6802,Myself Record,5,2024-12-16,40.31,10094,UK
557409,P1307,President Government,30,2023-10-24,92.2,10040,Denmark
550137,P7626,Tell Society,46,2024-02-11,64.37,10037,Germany
524707,P1341,Remember Force,21,2024-02-03,18.02,10079,Sweden
972442,P6928,Sure Decide,6,2023-12-05,44.23,10013,Spain
556839,P7560,Ago Any,34,2024-02-19,8.79,10039,Netherlands
332335,P6456,May Popular,50,2025-06-03,17.65,10065,Germany
656379,P9355,Special Baby,13,2024-07-31,90.69,10044,Netherlands
862712,P3419,Join Various,16,2024-12-14,11.18,10032,Spain
281926,P3504,Parent Day,49,2025-02-20,76.16,10009,France
910389,P9095,Same If,30,2024-08-30,75.69,10097,Denmark
570711,P6295,Instead Either,41,2023-12-05,32.3,10056,Germany
591699,P8245,Reality Rise,41,2023-08-17,30.98,10035,Denmark
158900,P6766,Walk Social,33,2025-06-11,8.34,10059,Sweden
139434,P1932,Speech Value,24,2023-11-03,83.34,10009,Germany
744883,P9307,Start Large,25,2024-01-29,46.81,10070,UK
571579,P4084,Control Summer,21,2025-02-03,60.9,10064,France
164879,P8381,National Majority,7,2023-09-21,81.29,10043,Germany
629057,P3827,Onto Enjoy,3,2025-07-25,25.53,10056,Sweden
649525,P9564,Thus Campaign,40,2024-08-01,16.72,10047,Italy
506235,P7697,Cell Suddenly,50,2024-08-07,34.5,10076,UK
927564,P6482,Region Nice,5,2024-10-20,33.64,10071,Belgium
397949,P5128,Physical Free,47,2025-03-21,85.31,10077,France
449555,P2335,Vote Level,38,2024-11-30,66.7,10044,Italy
787923,P7421,Teacher Serve,9,2025-07-05,59.91,10010,Italy
686072,P7171,Mother Last,42,2025-05-19,79.37,10016,Norway
197992,P7937,What Official,33,2024-07-24,36.82,10046,Italy
289019,P4509,Watch Cold,22,2025-03-12,94.82,10062,Spain
337547,P3253,Training May,10,2024-07-27,8.64,10100,Germany
632351,P9843,Event Society,48,2024-02-21,88.48,10004,Netherlands
903531,P3147,Though Public,39,2024-03-15,38.3,10020,France
971728,P3712,Space Star,47,2024-09-20,44.33,10052,Netherlands
809217,P4891,Memory Produce,29,2024-02-14,61.45,10096,Sweden
345369,P9749,Face Less,16,2023-10-12,31.64,10100,Sweden
975679,P4178,Sell Feeling,24,2024-02-11,68.15,10073,Sweden
584106,P5616,Expert Government,50,2024-04-17,38.81,10067,Belgium
269930,P4271,Walk Now,39,2023-10-14,14.7,10032,UK
772324,P8873,Certainly City,24,2024-02-08,55.9,10013,Norway
992512,P3042,Identify Rule,19,2023-12-09,9.3,10020,Italy
571145,P9410,Seat Difficult,10,2023-10-01,83.27,10011,Spain
956375,P8391,Join Involve,23,2024-04-26,93.12,10053,UK
515712,P9224,Occur Man,24,2024-06-30,24.34,10010,Netherlands
335445,P1461,Assume Design,21,2025-05-20,93.15,10091,Netherlands
929822,P3392,Kitchen Improve,9,2025-07-15,4.79,10060,France
895702,P8685,Speech Pattern,29,2025-02-03,61.92,10010,UK
368355,P4533,Again Tough,10,2025-06-27,55.33,10093,Denmark
653408,P7934,Southern Parent,8,2024-06-03,77.84,10030,Italy
227767,P1782,Me According,16,2024-05-12,42.56,10079,Sweden
165858,P2816,Fire Some,32,2024-06-10,60.08,10002,Norway
702980,P4963,Tonight Wait,46,2025-05-23,15.21,10054,UK
744674,P6780,Kind Nothing,16,2025-03-15,57.5,10023,Germany
648913,P6908,Simple Office,5,2025-04-25,95.39,10069,Norway
924613,P9316,Player Water,36,2024-01-31,3.01,10060,UK
766549,P7338,Method Discuss,24,2024-03-11,26.11,10002,Netherlands
926823,P2106,Least Mention,23,2023-09-04,24.87,10084,Germany
908977,P6447,Improve Great,9,2025-01-13,5.39,10069,Netherlands
953025,P3868,Respond Success,50,2024-06-22,68.78,10089,Sweden
762423,P3986,Shake Company,9,2025-05-26,7.25,10099,Sweden
138780,P5807,Manage Wide,13,2023-11-20,5.34,10025,UK
430926,P6080,Prevent None,33,2023-09-02,40.42,10069,Sweden
365618,P1599,What Indeed,49,2024-11-14,65.04,10036,Netherlands
918771,P1783,Organization Recognize,42,2023-09-03,33.86,10015,Netherlands
558176,P7553,Because Question,48,2024-07-10,44.53,10049,Netherlands
295892,P9129,Central Trial,45,2024-08-05,50.25,10066,Italy
940064,P2353,Court Apply,47,2024-03-02,43.03,10055,Denmark
962287,P3956,Hundred Generation,35,2024-01-24,30.08,10013,Germany
443848,P5843,Look General,20,2024-05-01,45.15,10091,Belgium
274739,P8272,Sort Until,23,2024-06-02,45.27,10093,Netherlands
744718,P8126,Fall Soldier,18,2025-05-20,64.31,10007,Germany
803787,P7655,Know Entire,24,2025-05-22,51.8,10095,France
132653,P3339,Beat Many,39,2023-08-28,68.13,10056,UK
232361,P2101,So Notice,16,2023-09-22,78.07,10046,Netherlands
501451,P1530,Hard Door,39,2024-12-29,16.19,10057,Netherlands
490084,P8273,Authority Statement,49,2024-12-31,8.61,10017,Norway
484774,P7521,Amount Somebody,21,2023-09-06,65.31,10031,Germany
127172,P4048,End Decision,32,2025-05-25,52.26,10071,Germany
374492,P5264,Again Pretty,46,2023-12-09,45.18,10078,Italy
827691,P9047,Edge Card,13,2024-08-14,13.14,10009,Sweden
281043,P8292,Relationship Building,6,2024-10-24,81.24,10040,Netherlands
844007,P2063,Yourself Discover,36,2024-08-08,54.67,10038,France
846385,P3852,Scene Establish,24,2025-03-30,51.37,10015,Spain
930541,P3275,Home Computer,16,2024-11-25,79.25,10003,Netherlands
680933,P7044,Policy Small,30,2025-02-20,80.56,10070,France
741674,P2412,Building Star,5,2025-05-10,31.62,10091,Sweden
651231,P7730,Common Foreign,50,2023-11-04,41.53,10073,Germany
231414,P6194,Particular Agree,42,2025-08-03,8.34,10059,Norway
461249,P3102,Forget Parent,50,2025-01-20,55.58,10075,France
905077,P3114,Whatever How,28,2024-06-16,50.78,10007,Germany
643269,P3507,Year Senior,20,2024-01-14,17.3,10041,Spain
462831,P9501,Bag Person,19,2025-01-30,84.75,10032,Spain
765905,P5496,Then Product,9,2024-02-17,62.88,10078,Norway
197966,P9234,Blue Same,42,2025-04-04,17.69,10074,France
279516,P6531,Fish To,37,2025-01-25,5.08,10003,Germany
147670,P5336,Plan Support,42,2023-11-15,21.87,10073,Belgium
748133,P1496,Style Others,32,2025-04-11,89.01,10069,Italy
773088,P5949,Analysis Hand,31,2024-09-29,25.24,10087,Belgium
411882,P8430,Later Recently,5,2024-05-26,69.17,10020,Sweden
535810,P8933,Authority Move,30,2024-12-27,21.2,10077,France
427766,P6231,Growth Actually,47,2025-06-02,98.81,10044,Belgium
237118,P7070,Kitchen Test,33,2024-08-27,56.6,10040,Spain
589131,P3007,Born Lead,18,2024-05-20,45.51,10018,Germany
153063,P5754,Prove Vote,25,2025-05-17,86.55,10053,Spain
267457,P6364,Machine Second,37,2023-12-09,72.39,10024,France
622469,P9433,Learn Control,30,2025-03-04,50.38,10039,Sweden
124302,P2475,Nearly Rather,26,2024-03-09,51.04,10030,Spain
711680,P6781,Power System,4,2025-07-27,6.0,10063,Denmark
983791,P8710,Nothing Stage,19,2024-08-22,54.13,10013,Belgium
240440,P5333,Make Least,47,2025-05-15,37.21,10051,Netherlands
147440,P7563,Side Person,4,2024-03-08,57.46,10024,Netherlands
680096,P5728,Future Together,5,2024-02-19,39.25,10057,Norway
393308,P2946,Then Worry,9,2023-10-19,97.53,10050,Netherlands
933510,P6555,Family Upon,36,2024-07-28,93.96,10096,France
308727,P9341,Either Social,26,2024-08-07,50.51,10005,UK
243693,P6456,Over Poor,31,2025-01-12,52.41,10019,Denmark
640546,P3290,Hundred Great,21,2023-09-04,93.21,10040,France
512042,P5902,Miss Today,38,2024-04-21,34.3,10065,Norway
613641,P5911,Court Method,31,2024-01-24,81.76,10047,Netherlands
806537,P2795,Hear Subject,27,2024-02-29,58.79,10092,UK
725905,P8775,Grow Far,17,2025-06-26,96.74,10100,Denmark
705693,P4728,Pick Science,47,2025-06-26,6.08,10061,France
649697,P7229,Fact Only,10,2023-08-20,82.34,10031,UK
700383,P2800,Nation Yourself,13,2024-01-08,2.87,10040,Belgium
258787,P7765,Bed Effort,45,2025-02-22,21.19,10064,Denmark
594514,P2020,Investment Middle,46,2024-10-17,14.67,10026,Norway
440839,P8837,Son Effect,34,2025-01-30,38.31,10022,Sweden
659024,P6608,Maybe Race,35,2025-02-15,36.07,10098,Italy
739711,P8932,Military Line,13,2025-04-19,95.78,10035,Norway
412999,P4684,Adult Better,20,2024-03-28,77.35,10090,Spain
823769,P9011,Do Interview,21,2025-01-31,48.5,10071,Italy
401769,P2996,Either Follow,37,2025-01-09,67.99,10048,Belgium
958130,P6654,Party Home,50,2024-08-14,80.66,10037,UK
401602,P2294,On Nice,23,2024-05-06,92.48,10083,Italy
883641,P8849,Large Skill,14,2024-10-13,21.0,10068,Italy
689318,P5450,Give He,9,2025-02-08,11.81,10094,Denmark
350905,P4972,Long Experience,4,2024-04-07,67.31,10067,Spain
768933,P4814,Enter During,4,2023-11-14,10.92,10042,Sweden
205428,P3252,Set Data,1,2024-04-14,96.49,10020,Belgium
784607,P8793,Call Situation,31,2024-10-02,65.4,10096,Italy
436768,P5676,Sound Road,42,2024-01-03,6.86,10098,Germany
783984,P4804,Dark Direction,35,2025-03-08,74.13,10004,France
538184,P3880,Member Factor,3,2025-02-25,99.72,10050,Sweden
295361,P5742,Perform Soon,3,2024-09-23,1.92,10072,Denmark
212512,P6489,Picture Fear,19,2023-10-30,45.98,10082,Norway
649787,P9092,There Daughter,9,2024-03-30,85.25,10059,Italy
302177,P2845,Dream Herself,22,2023-12-30,17.09,10058,Italy
853504,P4050,Five Address,1,2025-02-12,73.93,10037,Denmark
807160,P4164,None Card,12,2024-03-13,61.48,10081,Belgium
967161,P8007,Answer Arm,33,2024-10-15,33.46,10051,Germany
293757,P3303,Final Save,31,2023-11-19,33.04,10031,UK
373453,P7284,Pull Trouble,16,2025-03-19,45.23,10034,Netherlands
416613,P1187,Military Board,17,2025-06-20,65.71,10088,Spain
165142,P2936,Actually Painting,30,2024-03-20,31.37,10051,Norway
837733,P6095,Manager Measure,45,2024-07-20,12.62,10037,Netherlands
744481,P4618,Grow Create,15,2023-09-21,95.78,10061,France
577079,P7121,Entire Yeah,27,2025-06-12,70.49,10060,Norway
940952,P4578,Mean Build,49,2025-05-12,25.5,10096,Denmark
925618,P2341,Attention Institution,34,2024-08-28,45.23,10090,Netherlands
181896,P2838,Back Part,4,2024-12-13,83.05,10064,Spain
700521,P9792,Rich Argue,10,2023-12-08,17.29,10066,Sweden
221886,P4365,Church Talk,46,2024-10-23,58.73,10011,Norway
567122,P1911,Fly Bed,30,2024-02-21,14.06,10053,Sweden
691303,P1945,By Open,36,2025-03-28,46.78,10039,UK
515182,P5169,Keep Police,1,2024-11-18,74.83,10074,Germany
147489,P7941,Street Present,23,2024-02-04,70.34,10069,UK
172371,P8734,Stand Necessary,3,2024-06-03,29.42,10023,France
903028,P7887,Little When,24,2024-07-21,99.29,10048,Sweden
495833,P7154,Finish Trade,6,2024-11-12,68.59,10084,Norway
239449,P6697,Laugh Focus,8,2024-10-27,18.67,10068,Belgium
654531,P3086,Pressure As,47,2024-11-28,97.89,10000,UK
412856,P8585,Sister Bit,44,2025-03-27,72.19,10054,Norway
497700,P4762,Despite Process,16,2024-01-23,46.6,10019,Italy
297636,P2848,Everything Recent,3,2023-10-15,81.14,10053,Denmark
903265,P1256,Close Education,16,2023-12-26,21.4,10012,Denmark
135207,P8314,Old Bad,39,2023-12-12,67.53,10006,Spain
876513,P1724,Able Issue,26,2024-07-27,44.46,10069,Spain
891030,P1924,Risk Phone,9,2024-08-11,50.89,10037,Spain
955413,P6224,Film Alone,37,2024-02-08,60.19,10086,Netherlands
348411,P5944,Fight Seat,10,2024-03-19,98.58,10066,Spain
533649,P5923,Scientist Trade,18,2024-07-30,7.03,10075,France
756401,P7999,Avoid Right,36,2024-02-10,50.07,10044,Belgium
923975,P9592,Window Everything,21,2025-04-15,69.93,10052,France
414455,P7167,Strong Process,12,2024-11-13,75.69,10060,Spain
990598,P4692,Recently Summer,20,2025-08-07,85.9,10018,Sweden
160423,P7761,Decade Large,27,2023-11-10,56.17,10017,Belgium
354655,P5177,Off Down,14,2024-12-28,33.7,10010,Sweden
988283,P7079,Church When,6,2024-03-06,54.03,10024,UK
381502,P7179,The Change,44,2023-10-07,60.89,10005,Germany
297303,P4555,As Company,31,2025-04-19,21.68,10042,Italy
116078,P4470,Food Physical,13,2025-03-16,96.25,10015,Sweden
354377,P4350,Thank Outside,26,2025-07-28,91.6,10070,Netherlands
913185,P5637,Fight Leg,25,2023-11-17,47.16,10083,Netherlands
423404,P5285,Management Risk,24,2024-04-05,51.77,10063,Sweden
203398,P8692,Scene Interesting,49,2024-03-11,84.13,10026,Netherlands
428122,P7781,Month Notice,3,2024-08-30,56.69,10028,France
117007,P5272,Left Be,36,2024-11-19,93.54,10074,Belgium
409531,P3497,Among Visit,13,2024-07-13,33.66,10048,Denmark
973844,P5026,Simple Future,32,2024-11-23,55.51,10087,Netherlands
369826,P9005,Enough Agree,47,2023-10-22,64.53,10062,Sweden
276405,P6770,Drop Represent,11,2025-05-23,14.86,10069,Sweden
292988,P9882,Traditional Parent,42,2024-11-11,95.77,10067,UK
979827,P2217,Against Southern,43,2025-01-16,5.8,10000,Belgium
244170,P4791,Term Exist,5,2024-11-02,71.01,10001,Spain
630299,P8471,Amount Source,24,2025-03-22,6.98,10081,Denmark
606676,P8993,Continue Many,2,2024-09-19,1.65,10070,Belgium
112426,P1274,Reach Letter,34,2025-07-24,72.5,10068,Italy
117975,P9228,Fall Course,45,2024-11-09,67.73,10022,Germany
200992,P9591,Least Prove,10,2025-05-06,24.86,10079,Norway
364679,P6807,Million Benefit,18,2024-08-12,79.7,10010,Netherlands
525750,P8520,Happen Issue,37,2024-04-27,25.08,10089,Spain
414546,P2320,Full Religious,42,2023-11-02,99.18,10083,UK
198042,P7640,Toward College,25,2024-04-25,38.34,10060,UK
767678,P1154,Its Rule,45,2024-08-31,17.97,10063,Belgium
776234,P6427,Fight Recognize,37,2024-06-19,97.76,10012,Norway
144618,P4764,Teach Soon,14,2024-10-13,90.23,10088,Denmark
598598,P5441,Although Look,3,2023-10-20,92.49,10087,Italy
669408,P1539,Forward Entire,12,2024-04-20,92.95,10040,UK
317221,P3362,Business Spring,49,2024-06-21,82.25,10050,Germany
413814,P3661,Treatment My,37,2025-05-14,24.81,10049,Norway
447843,P7288,Ability Really,49,2025-06-18,74.23,10088,Germany
625119,P6666,Occur Maintain,4,2024-06-28,10.67,10029,Germany
457137,P7499,Arm Cup,50,2024-09-18,33.31,10081,Italy
921609,P8381,High Prevent,32,2025-03-22,23.59,10070,Belgium
552825,P4043,Moment Process,44,2024-07-21,59.0,10048,Germany
909676,P5839,Soon Approach,16,2024-01-18,71.6,10010,Italy
261712,P7225,Example Often,46,2023-11-22,78.61,10019,Belgium
432061,P6909,Within Field,7,2024-07-18,10.06,10039,Sweden
477400,P5419,Up Say,7,2024-08-23,14.12,10023,Belgium
570646,P9395,Campaign Air,27,2024-12-14,11.23,10011,Netherlands
681141,P2524,Politics Successful,39,2024-02-14,60.21,10041,Belgium
112940,P5781,Security Cold,27,2024-04-10,39.39,10010,Norway
354533,P9537,Ok Address,11,2024-10-14,68.85,10021,France
381981,P5933,Involve Better,18,2024-02-03,49.82,10008,France
555791,P5521,Thought While,27,2023-11-09,30.68,10100,Germany
478666,P5123,Main Your,16,2023-11-12,72.37,10063,Denmark
746624,P4203,Raise There,30,2023-12-10,11.59,10038,UK
514913,P6443,Moment Worker,40,2025-02-19,38.61,10042,Sweden
450996,P8055,Film Mr,42,2025-02-10,97.45,10017,Italy
436241,P4290,Explain Just,31,2025-05-22,32.1,10050,Netherlands
405605,P9044,Meeting Marriage,37,2024-02-18,78.42,10041,Belgium
393916,P7437,Loss Ok,24,2023-12-03,12.27,10072,Spain
720995,P9939,Identify Cut,12,2025-07-29,68.49,10070,UK
862538,P8563,Place Movie,46,2025-03-14,21.76,10037,Germany
958747,P7703,Until Century,44,2025-06-14,50.43,10081,Italy
353777,P5139,Available Fact,43,2025-04-04,16.26,10054,Belgium
177558,P8357,Strategy Too,39,2024-06-30,48.44,10051,Norway
631221,P7853,Grow World,35,2025-04-15,4.64,10046,Norway
722665,P2392,Movement Example,7,2025-05-11,77.13,10084,Netherlands
274418,P1725,Able Fear,37,2025-02-26,98.38,10086,Belgium
889245,P6432,Fire Third,28,2024-11-10,11.49,10012,Italy
332785,P9366,Particularly Receive,48,2024-08-27,52.36,10074,Denmark
331768,P8303,Tree Church,24,2024-07-24,39.72,10098,Denmark
823975,P9199,Nothing Member,10,2024-05-07,35.15,10003,Sweden
209627,P5840,Go Old,27,2025-03-27,92.13,10010,Germany
971699,P3321,Of Huge,23,2024-07-31,31.88,10058,Spain
646428,P8912,Worker Fund,23,2025-06-18,48.14,10056,Sweden
434400,P2100,Current Save,20,2024-02-14,5.42,10090,Germany
123682,P6620,Owner Identify,42,2024-02-10,11.83,10021,Spain
641058,P3858,Total Stand,36,2024-06-27,16.85,10071,Belgium
584498,P4798,Animal Friend,26,2025-03-13,63.35,10023,Belgium
514798,P1478,Material Season,48,2025-07-22,61.8,10025,Sweden
720970,P8037,Talk I,25,2024-06-07,1.44,10027,Spain
391865,P2025,Record Structure,37,2025-05-11,11.07,10068,France
483561,P6340,Reach Civil,13,2024-08-31,46.3,10033,Sweden
653349,P6134,Although Card,39,2024-09-06,39.48,10050,Denmark
219781,P6700,Performance Glass,23,2025-06-18,84.71,10079,France
953266,P5873,Black Two,40,2025-05-30,59.43,10086,France
428399,P2931,Less Black,16,2024-09-24,31.23,10023,Netherlands
827120,P3316,Whether Loss,33,2023-08-24,39.46,10076,France
702727,P7286,Seven Charge,28,2024-06-26,19.39,10081,Norway
827117,P3838,Truth Real,36,2023-12-10,17.52,10036,France
296187,P6154,Bad Manager,29,2025-04-11,62.32,10045,UK
608149,P3236,Evidence Ground,13,2024-12-09,81.71,10071,Norway
784793,P9109,Room Information,27,2024-12-29,68.78,10053,Sweden
612438,P3740,Be Together,6,2024-04-24,56.97,10097,Spain
406278,P1535,Together Represent,18,2025-06-10,23.26,10036,France
918665,P8492,None Husband,37,2024-04-14,74.51,10098,Sweden
676429,P9369,Produce Serious,8,2025-07-02,57.7,10034,Norway
963274,P7010,Song Method,35,2025-06-20,82.44,10005,Sweden
672892,P4580,Number Also,28,2024-12-04,11.14,10083,Spain
412170,P1528,Authority Easy,29,2024-12-15,27.02,10011,Sweden
223088,P4882,Return Will,14,2024-03-23,81.26,10075,Netherlands
845279,P8015,Dream Skin,11,2023-10-22,62.0,10100,Spain
953047,P4390,Leader Billion,4,2025-03-25,57.44,10068,Italy
725850,P9827,Property Score,11,2025-06-20,33.04,10090,Italy
403387,P5380,Black Life,33,2023-12-20,98.56,10086,Germany
242175,P7743,Rule Firm,4,2025-07-14,99.26,10083,France
835499,P3174,Air Any,16,2024-04-20,15.48,10041,Spain
898462,P7434,Style Arrive,32,2024-03-27,15.07,10080,Italy
758309,P7786,Her House,25,2024-07-12,45.75,10081,Germany
522419,P9447,Child Election,48,2024-09-28,28.54,10047,Sweden
611751,P6362,Its Others,38,2025-01-23,1.24,10099,Germany
866437,P8511,Structure Couple,41,2023-12-23,66.75,10045,Germany
934328,P9756,Continue Bar,26,2024-11-28,22.57,10054,Spain
618746,P5399,Truth Idea,21,2024-12-06,83.01,10043,Norway
706007,P3139,Result Effect,37,2024-09-02,85.39,10100,Netherlands
815707,P1793,While Past,3,2023-12-02,10.86,10100,Sweden
117072,P3035,Each Main,11,2024-12-20,44.69,10000,Belgium
312146,P3161,Environmental Machine,42,2024-02-27,30.88,10035,Germany
786385,P6905,Reflect Act,17,2025-07-11,9.16,10085,France
154302,P7493,Summer Make,41,2025-07-12,31.25,10089,Spain
550081,P2494,Field Research,46,2024-10-10,10.42,10027,Sweden
181724,P3174,Coach Back,38,2024-07-21,23.39,10087,Sweden
109738,P1132,You Hair,45,2024-11-11,35.01,10015,Belgium
827744,P3165,Firm Purpose,31,2024-07-07,8.01,10049,Germany
866260,P2678,Road Enough,7,2024-08-01,32.02,10038,France
501312,P3181,Through Five,42,2024-01-14,99.3,10018,Germany
656278,P1138,If Tonight,40,2024-08-22,65.35,10056,Netherlands
857524,P4490,Both Economic,41,2024-06-04,75.08,10052,Denmark
819916,P8248,Owner Her,14,2024-11-01,9.58,10012,France
888996,P3017,Find Scene,38,2024-03-29,73.27,10044,Belgium
429780,P3290,Age Themselves,16,2025-01-05,28.42,10010,Spain
680278,P5668,Individual Face,50,2023-08-19,94.19,10003,Italy
315425,P9482,Others Treatment,39,2025-01-26,51.44,10095,Belgium
409898,P1894,Star Size,16,2023-09-20,49.99,10014,Spain
623850,P2163,Whether Police,34,2025-03-13,88.98,10001,Netherlands
431845,P3162,Model There,25,2025-07-15,86.22,10072,Belgium
483162,P9951,Weight Few,44,2025-04-06,18.1,10060,Germany
117500,P2106,Successful Drug,1,2024-11-26,26.96,10005,UK
927630,P7520,Suffer He,33,2024-01-30,29.36,10091,Norway
904373,P7806,Provide Customer,28,2024-12-07,70.48,10010,Norway
663772,P3501,Enough Resource,18,2025-03-21,9.28,10010,Norway
313068,P3545,Set Speak,35,2025-01-06,33.35,10075,Germany
425236,P8167,Responsibility This,47,2023-11-27,95.39,10030,UK
356355,P2412,Production Bill,28,2025-07-14,12.48,10078,Denmark
157701,P6067,Product Race,43,2023-09-12,74.43,10094,France
225245,P1207,For Story,46,2024-07-20,14.58,10001,France
620526,P6680,Along Particularly,34,2024-05-22,52.21,10092,Italy
275073,P7092,Sign Catch,9,2023-10-22,75.23,10034,Germany
908903,P1480,Where Find,22,2024-04-22,80.9,10034,Norway
166974,P5308,Small Just,46,2023-12-27,97.53,10080,Germany
620248,P8457,Deep Cause,33,2025-04-14,36.65,10063,Denmark
274987,P7024,Notice Under,11,2024-05-23,26.26,10013,Denmark
806866,P2889,Nice More,15,2025-07-22,74.34,10000,UK
112884,P5006,Explain Then,3,2023-12-18,47.7,10049,France
287654,P1579,Even White,36,2025-05-14,80.51,10091,Belgium
335421,P6272,Yet Meet,16,2025-04-30,42.21,10092,Netherlands
384434,P2276,Find Skin,37,2025-06-19,37.91,10064,UK
288056,P4656,Ground Summer,34,2023-11-10,98.16,10051,Germany
587686,P5625,Management Bag,50,2023-11-30,84.64,10041,Germany
679958,P8483,Somebody Draw,1,2025-06-11,37.52,10037,Denmark
922615,P5979,Require Shake,48,2025-01-17,62.65,10059,Netherlands
720432,P9083,Industry Throughout,50,2025-04-28,77.81,10093,Norway
897423,P5016,Onto History,10,2023-10-22,1.63,10052,UK
344315,P9872,Street Indicate,23,2023-08-23,63.96,10088,UK
451291,P1023,Everything Not,49,2023-11-16,66.07,10094,Italy
208998,P4361,Look Home,34,2025-01-16,98.33,10053,Sweden
162804,P3332,Smile Remember,46,2024-03-03,28.7,10005,Spain
986575,P9515,Pattern I,27,2025-05-12,70.38,10047,Sweden
884229,P2391,Pull Yard,38,2024-05-27,10.46,10017,Belgium
178465,P2020,Box Republican,28,2024-02-10,66.58,10016,Spain
405844,P5276,Market Ago,21,2024-12-06,92.68,10050,Netherlands
433507,P8417,Usually Yes,18,2024-10-22,24.13,10025,France
917823,P2785,Generation Whole,10,2024-11-28,11.46,10057,Sweden
429287,P7660,Do Raise,8,2023-10-01,54.06,10098,Spain
573869,P6051,Prove Than,30,2024-08-07,27.24,10015,Germany
265271,P5984,Where School,46,2024-04-03,69.99,10005,Spain
976530,P6370,Range Issue,10,2023-11-11,10.03,10031,Netherlands
515492,P9412,Challenge Answer,4,2023-09-10,68.04,10033,France
132591,P7625,Fly Mind,29,2023-11-11,56.04,10070,Spain
199326,P8570,Bill Easy,7,2025-07-02,80.59,10017,Germany
112537,P2010,Note Central,50,2024-06-09,98.27,10016,Spain
963684,P7563,Long Hospital,24,2025-01-14,68.94,10082,Germany
710610,P5240,Situation Same,5,2024-10-05,3.16,10008,Spain
777366,P8265,Kind People,9,2025-03-11,10.11,10042,Germany
144770,P8552,Short Clear,4,2025-06-30,17.63,10073,Belgium
961599,P7471,Join Real,32,2023-10-28,3.92,10087,Belgium
281201,P6799,These Might,14,2024-12-03,90.92,10035,Italy
567676,P3435,Involve Wrong,3,2024-03-17,61.8,10078,Spain
778720,P5835,Alone Road,32,2024-05-26,41.79,10070,Sweden
163941,P2437,Director Life,18,2024-07-23,38.92,10053,Spain
773870,P9614,Eat Top,16,2024-05-20,63.44,10069,UK
501078,P6883,Bit Rich,31,2024-05-24,54.91,10062,Netherlands
693128,P9231,Off Week,21,2024-12-25,39.45,10023,UK
434367,P4588,Her Ask,2,2024-06-17,89.68,10099,Italy
161437,P8728,Fact Customer,34,2023-11-15,36.39,10074,Spain
267378,P2640,Thus Than,16,2024-07-31,66.03,10034,Norway
955937,P1916,Benefit Recognize,49,2024-01-24,99.64,10028,Denmark
987624,P7363,Quality Purpose,23,2024-11-18,93.59,10022,France
348041,P6210,Against Apply,48,2025-04-15,70.07,10075,UK
837623,P6761,Goal Either,37,2023-11-18,56.8,10072,Spain
977340,P9064,Stop Other,35,2024-01-19,31.6,10062,UK
194641,P1920,Authority Themselves,15,2025-03-29,60.56,10002,Norway
601207,P1011,Once Despite,22,2024-11-10,91.87,10025,France
457311,P3907,Direction Tax,21,2025-06-18,6.9,10018,Denmark
838927,P3320,Early Get,50,2025-04-05,11.98,10067,Netherlands
176054,P7120,Choose Story,46,2025-07-12,94.25,10050,Denmark
205939,P6514,Pick Able,20,2024-03-15,32.94,10020,Belgium
930307,P8982,Town Check,42,2023-11-21,32.41,10090,Norway
827250,P6846,Now Enough,15,2025-04-24,66.89,10022,Belgium
421727,P5825,Contain Break,9,2025-01-07,18.59,10000,Denmark
510623,P1530,Trial Agree,12,2023-11-23,60.64,10078,Spain
770718,P2705,Administration Help,32,2025-04-17,14.92,10095,Germany
349556,P6682,Story Economy,21,2024-11-12,17.62,10011,Netherlands
568325,P1186,Game Admit,17,2023-12-26,21.76,10088,Germany
467506,P5205,Evidence Area,7,2023-11-19,72.32,10006,Belgium
559507,P7875,Site Know,11,2024-09-24,88.57,10063,Belgium
468292,P9946,Build Skill,25,2023-10-01,11.04,10061,Denmark
782591,P4695,Maybe List,11,2025-04-08,45.68,10004,Italy
121053,P6221,High Must,17,2024-11-16,95.21,10009,Netherlands
278368,P7151,Boy Live,11,2024-09-07,73.47,10070,Germany
454366,P8909,Do Young,46,2024-12-02,4.07,10083,France
736818,P8113,Animal Short,11,2025-04-12,6.3,10042,Spain
299212,P7705,When Trial,45,2025-01-05,55.86,10093,Norway
378150,P5612,Near Fish,20,2024-08-02,24.52,10006,Belgium
699544,P9043,Question Allow,10,2023-09-29,6.4,10000,Belgium
191884,P5825,Measure Throw,43,2024-06-19,62.88,10061,Spain
201698,P1421,Last Rich,14,2023-11-04,17.91,10037,Germany
596574,P2892,Military Seem,20,2025-07-19,78.7,10060,Sweden
793150,P5341,Life Back,6,2025-07-11,64.54,10049,France
489043,P7249,Be Fund,24,2024-11-27,19.47,10005,Italy
561101,P8619,Choose Attorney,17,2023-11-19,23.4,10034,Denmark
164633,P3476,Face Probably,49,2024-12-16,69.95,10012,Germany
800596,P6632,Pay Official,35,2025-02-16,41.98,10096,Denmark
338564,P1999,Garden I,25,2024-11-19,82.02,10053,Norway
820442,P8779,Nice Financial,37,2024-07-30,88.28,10060,Italy
182790,P7468,Mouth Point,46,2024-07-12,4.44,10073,Norway
939333,P3415,Bit Student,8,2025-02-08,94.98,10057,France
275284,P4471,Building Tonight,13,2025-01-02,13.49,10054,Germany
816308,P8133,Rather Understand,13,2025-04-01,99.73,10080,France
974625,P5225,Ok Set,21,2025-06-15,91.17,10008,Germany
506951,P7510,Dinner Law,36,2024-07-28,33.29,10035,Norway
580412,P1202,View Drive,45,2024-06-29,62.68,10066,Belgium
217984,P7790,Group Their,10,2024-07-30,15.67,10075,Denmark
895216,P2641,Inside Just,7,2025-03-01,56.71,10012,Italy
661652,P6633,Beyond Form,27,2024-07-09,27.15,10083,Sweden
699809,P8750,Form Reduce,3,2024-02-26,18.05,10051,France
748276,P7581,House Claim,3,2025-01-27,40.18,10042,Spain
151685,P8785,Wind Matter,18,2023-10-04,89.81,10002,Netherlands
957091,P5965,Benefit Theory,20,2023-10-18,28.75,10062,Germany
339030,P3201,Better Lay,20,2023-10-27,97.45,10056,Netherlands
382507,P7828,Size Single,39,2024-05-28,64.91,10024,Sweden
321659,P7671,Task Case,48,2024-10-18,48.96,10066,Netherlands
960899,P1920,As Peace,33,2024-10-22,79.36,10008,Italy
844037,P9303,Or Girl,26,2025-01-14,14.43,10067,Denmark
130354,P3846,Can Item,13,2024-05-13,87.64,10025,UK
361609,P1541,Tv Reduce,30,2025-08-12,6.01,10046,Spain
387286,P7035,Social Land,30,2025-06-17,51.01,10081,Germany
814263,P1500,Whole Set,16,2023-09-21,37.87,10076,Sweden
286209,P8775,Field Plan,38,2024-04-11,55.58,10044,France
978343,P5237,He Body,48,2024-11-03,83.26,10011,Italy
128783,P7333,Movement Difference,4,2023-12-11,17.13,10073,Spain
998746,P4626,Realize Meet,42,2024-02-03,23.29,10026,Italy
783238,P7709,Throw Box,33,2024-05-10,2.99,10099,UK
597126,P3167,Through Only,42,2024-05-24,18.15,10001,Spain
364650,P6004,Building Sound,46,2024-03-16,96.74,10082,Italy
544393,P7168,Painting Draw,23,2025-04-30,46.44,10027,Sweden
416822,P9530,Laugh Through,40,2024-10-21,40.32,10013,UK
636361,P7131,Speak Tell,36,2024-12-07,65.09,10077,Italy
412974,P2771,Positive Republican,31,2024-12-24,7.32,10035,Netherlands
390334,P5278,Onto Agree,42,2024-11-28,71.4,10083,Italy
297509,P3456,Woman Really,34,2025-05-18,76.78,10007,Denmark
523727,P6236,Rule Example,44,2023-09-04,14.85,10003,Sweden
409963,P5250,Couple Explain,27,2025-02-08,41.06,10094,UK
711344,P4111,Sound For,22,2025-07-28,72.93,10028,Norway
769320,P8794,Group Have,43,2023-08-17,36.49,10038,France
981473,P3967,Course True,19,2023-12-02,10.66,10016,Italy
860413,P3999,Others Really,44,2024-06-19,90.06,10083,Germany
333049,P6820,Available Change,15,2025-03-10,74.68,10039,Belgium
926372,P6428,Property Allow,24,2023-10-23,26.8,10037,Sweden
992562,P2929,Skin Nice,31,2024-01-27,6.31,10081,Denmark
708502,P2166,However Kind,31,2024-07-30,89.05,10064,Germany
813763,P7253,Growth Coach,34,2024-05-26,30.54,10006,France
244037,P4281,Forget Set,22,2024-04-20,41.51,10072,Sweden
250181,P6183,Standard Year,46,2024-10-26,18.86,10010,Sweden
448787,P3897,Pick Become,21,2025-06-29,63.82,10000,Sweden
386814,P4430,Area Clearly,49,2023-12-13,77.58,10073,France
613358,P2442,Somebody Prepare,9,2023-09-20,61.83,10081,Belgium
522988,P8029,Represent Beat,31,2024-03-11,38.95,10004,Norway
309100,P7112,Level Recently,1,2024-07-07,89.31,10096,Norway
299834,P1293,Mention Policy,44,2024-07-21,1.41,10093,Spain
337256,P6641,Join Explain,20,2024-01-27,13.76,10049,Norway
717265,P6015,Someone Music,11,2023-11-09,7.46,10005,Italy
404955,P8469,Hair Law,47,2023-11-07,52.51,10067,Netherlands
554730,P3192,Federal Resource,22,2025-01-20,99.62,10062,Netherlands
886553,P4087,Personal Message,11,2024-09-25,94.86,10051,UK
339513,P4675,Region Foot,47,2023-09-17,98.5,10027,UK
718337,P9267,Discussion Indicate,11,2024-11-20,13.19,10091,UK
493417,P5190,Around Account,50,2024-01-18,53.94,10006,Denmark
150290,P2771,Fish Young,42,2024-01-24,83.78,10006,Germany
537020,P8279,Speak Certain,25,2025-03-28,13.24,10032,Sweden
835962,P3508,Especially Figure,14,2024-04-23,69.82,10080,UK
415743,P7895,Call Account,43,2024-09-02,11.0,10066,Italy
753050,P3247,Skin Law,27,2023-12-27,83.23,10013,Norway
853681,P2928,Carry Husband,19,2024-09-29,12.29,10013,Sweden
308296,P4272,Score Drug,50,2024-09-04,27.04,10066,Spain
475308,P7713,Operation These,19,2025-01-12,16.88,10070,Sweden
317782,P8875,Sure Health,22,2023-10-07,24.22,10001,Germany
215795,P9095,Industry Training,10,2025-03-11,95.0,10099,Norway
178693,P2659,And Least,17,2023-08-27,64.79,10058,Italy
376955,P8606,Machine Will,4,2023-10-12,10.88,10022,UK
993647,P5760,Training Form,24,2024-11-02,80.36,10040,Belgium
874415,P2898,Laugh Painting,7,2024-06-22,85.27,10005,UK
993385,P3267,Security Push,43,2024-07-02,65.07,10042,Netherlands
558976,P5395,Figure Building,47,2024-06-22,10.2,10043,France
219361,P7566,Against Garden,26,2023-12-24,96.27,10034,Belgium
823415,P8835,Suddenly Yourself,27,2024-12-05,65.24,10021,Germany
238948,P1960,Magazine Theory,11,2025-01-29,11.27,10075,Sweden
941235,P8178,Wide High,12,2023-10-20,61.52,10099,Netherlands
741055,P1472,Leave Three,44,2023-11-03,88.12,10093,France
606545,P8997,Either Least,8,2024-11-12,88.87,10056,UK
166412,P5286,Institution Need,42,2023-10-13,32.11,10090,Norway
904812,P4669,Individual Truth,43,2024-04-09,87.44,10066,Norway
821673,P2560,Skill Group,28,2024-02-01,66.51,10031,Sweden
462544,P7305,Goal Start,10,2023-12-21,84.06,10071,Denmark
157216,P1190,Ball Mrs,42,2024-12-16,93.5,10064,Sweden
993251,P9123,Build Nice,11,2024-09-12,8.41,10062,Netherlands
352593,P6421,Daughter Western,18,2025-04-06,5.98,10028,Norway
774567,P7203,Happy Have,26,2025-02-27,81.89,10010,Sweden
565765,P8341,Tell Quite,6,2025-05-07,85.8,10057,Netherlands
224473,P9148,Choose Eat,48,2023-10-31,65.68,10013,Belgium
532368,P1587,Child Establish,36,2024-01-13,55.36,10011,Denmark
749137,P5990,Consumer Play,33,2023-12-09,56.67,10083,Sweden
457411,P6953,Soon Song,4,2025-01-03,81.84,10058,Netherlands
687360,P8751,Bag Cost,46,2025-04-04,66.06,10091,Sweden
219562,P2596,Production Minute,49,2024-08-07,66.23,10000,Netherlands
472390,P5783,Somebody Organization,36,2025-03-25,52.68,10089,Germany
148001,P3689,Particularly List,32,2025-01-23,14.9,10091,Belgium
212157,P5166,Window Us,40,2024-10-24,20.4,10015,Belgium
326061,P8488,Question Prove,13,2024-12-10,71.96,10013,Belgium
148759,P3018,Future Treat,50,2024-12-12,89.28,10058,Denmark
628689,P3205,Four City,32,2024-07-19,1.43,10094,UK
680099,P8091,Author Manager,38,2024-07-21,48.81,10065,France
825423,P3845,Program Floor,47,2025-04-22,81.71,10013,Belgium
789461,P6273,Face Perhaps,33,2023-09-25,88.26,10053,Denmark
826155,P5067,He Movement,18,2023-10-09,40.39,10043,Italy
574843,P3185,Force Main,9,2024-07-29,41.86,10089,Norway
413433,P9975,Always Art,21,2024-05-25,71.48,10070,Spain
310647,P4435,Theory Few,40,2023-10-11,71.72,10087,Netherlands
805034,P3173,Quite Treat,46,2025-06-07,65.36,10022,Norway
668843,P6281,Believe Possible,46,2024-11-16,12.43,10045,Norway
603704,P7839,Movement If,44,2024-08-06,75.04,10068,Italy
988459,P7920,Partner Once,1,2025-04-19,52.75,10003,Belgium
252386,P1869,Single War,43,2023-09-13,6.6,10034,France
400538,P5105,Listen When,10,2025-05-03,84.1,10088,Italy
313910,P9866,Owner Reach,3,2024-01-06,36.51,10057,Germany
746036,P4675,Fund Point,48,2024-08-16,65.06,10049,Spain
635740,P5712,More City,45,2023-09-30,66.78,10048,Belgium
536801,P6122,Little Board,36,2025-05-03,6.33,10095,Italy
312952,P8259,Way Third,15,2024-05-05,91.24,10090,Netherlands
891787,P9955,Send Become,48,2024-09-07,60.74,10099,Spain
408467,P8353,Race Consider,12,2023-09-12,98.36,10009,France
282237,P9418,End Second,8,2024-07-18,38.34,10054,Italy
683635,P5329,Leg Need,9,2024-09-22,16.93,10032,UK
446620,P8640,Poor Cold,46,2024-05-21,93.81,10005,France
438302,P1833,Hotel Whose,50,2024-03-19,93.31,10078,Italy
614379,P6866,Impact Issue,5,2025-04-05,78.62,10040,Norway
330646,P4012,Ground Respond,34,2024-11-19,7.75,10064,France
536135,P9897,Area Strategy,35,2024-12-15,40.94,10044,Spain
323717,P6437,Radio Good,22,2023-10-03,36.72,10027,Denmark
656268,P8780,Girl Between,36,2024-10-19,82.55,10083,UK
220294,P6668,Resource Imagine,29,2024-03-20,24.79,10082,Denmark
751303,P4994,Entire Shake,3,2025-06-04,68.57,10041,Belgium
934883,P2857,Realize What,25,2024-11-23,26.4,10092,Italy
125905,P9468,Tv Citizen,50,2024-04-27,38.12,10065,Sweden
610451,P1718,Beat Pass,19,2025-01-09,89.93,10024,Netherlands
638857,P2349,Chance Whom,7,2024-05-10,17.57,10098,Norway
659106,P1120,Force Reality,41,2025-02-05,7.48,10085,Spain
818699,P7950,Recognize Including,7,2023-11-21,21.35,10089,Belgium
777968,P2181,Physical Section,48,2025-08-10,68.92,10003,Sweden
851690,P6434,Become Force,3,2024-10-20,9.66,10006,France
932794,P5127,However Question,36,2025-04-18,7.97,10029,Italy
527433,P7357,Get Tax,29,2023-11-20,63.39,10055,Netherlands
117711,P7381,Religious Scientist,44,2025-05-17,12.71,10000,Denmark
166309,P1745,Your Single,45,2025-01-26,84.98,10045,Norway
211291,P5748,While New,44,2023-10-24,30.83,10011,Italy
902448,P8170,Race Religious,25,2024-07-06,40.12,10084,UK
597012,P3561,Movie High,35,2023-08-27,22.77,10095,Belgium
935474,P9941,Him For,19,2023-12-31,96.05,10018,Italy
810189,P7113,Difficult Growth,1,2025-03-30,55.8,10071,France
229221,P1684,Mention Dark,1,2024-02-04,57.7,10050,Norway
674122,P2394,Certain Clear,20,2023-10-11,21.8,10094,Netherlands
322022,P7760,Find Three,42,2025-04-16,85.29,10018,France
292930,P4617,Blood Movement,40,2025-04-02,83.64,10024,Germany
290167,P1891,Notice Thing,49,2025-03-08,93.3,10070,Sweden
775990,P2198,Use New,19,2023-09-11,67.5,10032,Germany
307007,P8982,Recently Great,22,2025-06-23,36.36,10085,Spain
204904,P5671,Space Prepare,40,2023-11-22,7.91,10024,Netherlands
609462,P8383,Picture However,22,2023-12-10,62.02,10039,Denmark
259797,P6971,Commercial Course,21,2025-05-19,95.91,10021,UK
428429,P5033,Room Spend,15,2024-12-10,71.51,10082,Belgium
390119,P6889,Table Weight,9,2023-12-19,68.28,10042,Sweden
585331,P8296,Set Left,23,2023-09-15,77.7,10062,Norway
214119,P3879,Item His,42,2025-01-19,61.06,10035,France
664781,P4218,Serve Economy,17,2024-07-23,73.62,10080,Germany
862760,P2235,Popular Feel,2,2025-03-19,85.11,10080,UK
952117,P7637,Smile Step,50,2024-07-26,59.41,10004,Norway
373276,P9904,East None,35,2024-02-14,47.74,10099,France
483588,P7430,For Table,15,2025-04-13,89.25,10075,Italy
240384,P8613,Manager Well,33,2025-05-22,51.53,10050,Netherlands
626560,P1173,Daughter Hold,43,2025-01-20,24.65,10078,France
893988,P9423,Your Own,9,2024-07-20,45.18,10022,Denmark
693297,P3395,Main Specific,48,2024-03-18,73.47,10045,UK
329448,P8989,Star Idea,15,2024-09-06,7.22,10047,Spain
144887,P4387,News Kid,34,2023-12-16,90.86,10046,Belgium
592489,P8448,Technology Decision,3,2025-04-26,4.95,10083,Netherlands
208239,P9542,Point Certainly,41,2025-06-21,83.14,10094,Italy
706739,P9918,Enough Area,37,2024-12-23,18.21,10083,Belgium
483041,P2275,Medical Two,34,2024-05-27,25.91,10028,Norway
525556,P6781,Once World,23,2023-10-31,49.2,10061,Denmark
106918,P9222,Seek Throughout,9,2024-09-16,44.55,10029,Germany
639535,P5600,Today Capital,14,2024-03-21,15.87,10020,Netherlands
731264,P2938,Because Source,43,2023-12-15,23.8,10042,Germany
604906,P8844,Explain Listen,31,2025-07-16,21.86,10020,Belgium
123536,P4992,Must Choice,3,2025-05-19,13.66,10075,France
241268,P9399,Leave Benefit,3,2025-07-20,89.19,10018,UK
274421,P5231,Doctor Technology,12,2024-07-28,52.15,10051,Denmark
690982,P1305,Usually Happy,47,2025-08-04,73.07,10036,Germany
327114,P8359,Agreement Join,39,2023-09-23,99.28,10061,France
330019,P7730,Individual Morning,39,2024-05-29,15.13,10074,France
753484,P9369,Eat Imagine,17,2023-10-15,17.6,10087,Netherlands
575497,P2127,House Door,15,2023-09-03,38.44,10016,Germany
117367,P4315,From Word,34,2023-10-28,86.1,10064,Belgium
966662,P3450,Those Send,39,2024-12-29,10.53,10060,Denmark
728950,P1639,Government Strong,35,2023-12-04,50.83,10015,Germany
605666,P3135,Certain American,39,2024-03-22,54.39,10000,Belgium
647403,P7892,Whose Themselves,24,2024-08-13,87.61,10089,Norway
549793,P4759,Safe Theory,31,2023-11-28,79.17,10048,Netherlands
717661,P2600,Song Season,28,2024-08-11,14.25,10061,Spain
187889,P5641,List Power,39,2023-08-17,87.8,10052,Italy
298202,P1089,Western Base,46,2023-08-27,74.62,10000,Denmark
647923,P2930,Establish Dinner,34,2025-05-22,1.71,10083,Spain
821175,P6175,Citizen Official,27,2025-08-12,36.86,10019,Belgium
783226,P5155,Short Politics,17,2024-09-25,85.64,10054,Denmark
483405,P5514,Land Bring,44,2025-04-06,40.35,10026,Belgium
678923,P8904,Fight Economy,12,2024-04-02,37.65,10071,Sweden
366105,P6024,Campaign Anyone,37,2024-02-14,35.09,10090,Belgium
871523,P3262,Kind Purpose,43,2025-04-20,12.79,10029,Sweden
921149,P3650,Prevent Lot,7,2023-09-30,22.23,10051,Netherlands
939756,P1852,Bring Think,11,2025-07-16,39.52,10081,UK
943442,P2492,Money Picture,10,2024-10-02,47.7,10076,Belgium
192422,P2049,Admit Project,17,2024-09-16,22.96,10010,Denmark
139589,P7296,Paper Effort,26,2025-02-21,61.78,10066,Italy
846172,P1941,Charge Film,50,2024-07-11,82.2,10081,Sweden
560295,P1175,Ability Possible,13,2024-05-13,85.21,10066,Italy
304206,P1550,Effect Own,39,2024-07-01,51.54,10089,Spain
745073,P3776,Culture Red,44,2025-01-13,4.57,10030,UK
265092,P2422,Bed Need,18,2024-05-19,78.19,10045,Belgium
525146,P4281,Author Never,34,2024-10-08,2.52,10090,Germany
194545,P5661,Movement Stop,47,2024-09-10,83.15,10074,Netherlands
464354,P5530,Once Again,15,2024-06-11,61.03,10024,Sweden
523579,P1076,Tv Many,17,2023-09-15,18.33,10064,Germany
685766,P2185,Prove Impact,33,2024-05-28,30.13,10014,Norway
370211,P9813,Environment Small,37,2023-08-25,25.76,10056,Belgium
690525,P8923,Heavy Story,50,2023-10-04,25.08,10043,Sweden
814703,P8548,Hair Effect,38,2025-03-04,86.34,10061,Germany
370343,P2106,Realize Production,25,2023-11-01,63.73,10028,Spain
939030,P6172,Sport Party,27,2025-03-06,95.59,10066,Norway
110195,P5314,Something Go,16,2023-11-24,29.44,10051,Netherlands
179721,P3924,Another He,31,2024-10-10,32.07,10027,Denmark
382146,P3994,Ground Teach,48,2024-12-24,68.63,10024,Sweden
872918,P4271,Continue Then,16,2025-04-09,73.81,10033,Spain
340341,P4322,Reveal Majority,16,2025-02-03,83.8,10045,France
916776,P2747,Measure Program,8,2024-01-01,92.1,10086,Sweden
743644,P1108,Talk Central,49,2023-10-01,85.85,10005,Sweden
489227,P6167,Sense Stand,32,2024-08-02,89.91,10073,Italy
614646,P3996,Although Finally,49,2024-01-16,91.68,10035,Belgium
332881,P3101,Animal Strong,4,2024-01-14,53.05,10054,Sweden
667036,P1533,Various Analysis,33,2024-04-14,35.38,10087,France
579404,P2972,Worker Force,45,2024-09-16,52.3,10040,UK
112394,P4452,Information Teacher,25,2024-10-07,58.52,10041,Netherlands
742544,P5254,Material Environment,12,2023-09-10,55.31,10030,Italy
594241,P6621,Some Radio,24,2024-01-08,19.21,10054,Spain
539450,P7099,Feeling Heavy,24,2025-06-12,85.58,10035,Sweden
288627,P3148,Statement Anyone,37,2025-06-15,68.92,10012,Italy
943146,P4863,Reality Glass,36,2024-03-12,43.79,10048,Spain
252928,P3450,Capital Successful,31,2024-05-24,80.76,10022,Belgium
623866,P3203,Leave Visit,41,2024-06-18,52.18,10092,Netherlands
923481,P8972,Six Less,20,2025-07-07,25.85,10072,UK
517754,P2621,Imagine Group,45,2024-01-05,17.17,10027,Italy
599687,P2577,Model Role,29,2024-09-02,74.71,10033,Netherlands
477808,P5222,Hold Window,23,2025-04-23,2.96,10015,Netherlands
812597,P4259,Natural Example,37,2025-04-26,58.01,10083,Norway
283017,P5663,Beautiful Short,23,2024-07-07,33.18,10065,Sweden
912378,P8322,Bar Law,6,2024-11-22,38.73,10036,Sweden
762398,P3373,Test Couple,11,2024-10-09,64.42,10043,Belgium
761938,P7631,Finally Full,5,2023-10-31,8.83,10043,Spain
428709,P6191,Base Generation,42,2025-01-07,29.84,10034,Denmark
775958,P7479,Find Follow,18,2024-07-24,88.88,10099,Netherlands
884225,P9535,Player Series,29,2024-07-08,41.98,10023,UK
231113,P4844,Compare Road,43,2024-07-22,25.91,10095,Germany
320800,P3734,Have Likely,26,2023-09-14,11.2,10008,Sweden
675074,P1881,Short True,2,2025-07-21,77.32,10067,Germany
208976,P5300,Head Possible,40,2024-07-15,16.37,10083,Belgium
424398,P4757,Face Purpose,16,2025-04-18,74.02,10056,France
237654,P9630,Yourself Art,11,2023-10-10,3.83,10084,Netherlands
440998,P8801,Remain Public,30,2024-06-23,97.52,10069,Italy
675191,P8288,Himself Must,9,2025-04-26,96.98,10089,Norway
285636,P8480,So Respond,41,2023-12-15,75.14,10072,Belgium
648887,P9745,Allow Character,20,2025-06-02,90.98,10061,Norway
338161,P2467,Political Resource,29,2025-04-10,31.48,10052,Italy
263281,P5973,Left Already,1,2023-11-19,1.01,10097,France
460589,P5698,Audience Eat,31,2025-04-08,53.97,10088,Sweden
892170,P8816,Quite Hit,20,2024-05-20,1.9,10055,Italy
726003,P4788,Identify Our,1,2023-09-07,55.27,10024,Belgium
687783,P8161,Point Class,26,2025-01-21,25.74,10091,Belgium
968668,P7199,Listen Hospital,15,2024-05-27,27.04,10054,Spain
641704,P5454,Life Source,19,2023-10-11,65.2,10068,Italy
532961,P4080,Painting Certain,5,2024-09-27,19.06,10037,Germany
767830,P8460,Hit Information,40,2024-04-13,45.82,10089,Denmark
615895,P4076,Rate Family,21,2024-02-22,2.92,10006,Norway
123205,P4046,Build Agree,7,2025-03-06,28.93,10016,Sweden
862427,P1134,Cultural Money,15,2024-09-18,9.93,10001,Sweden
327738,P6601,Impact White,27,2024-10-22,31.85,10063,Netherlands
586208,P1519,Buy Everybody,22,2025-04-05,8.94,10096,France
158760,P5366,Ever Score,50,2024-07-24,39.85,10069,Sweden
290425,P4148,Difficult Population,17,2024-03-21,81.91,10001,Germany
905459,P5078,Rule Whom,25,2024-08-28,77.35,10056,Spain
873449,P1549,Decision Can,13,2023-11-26,46.62,10098,Germany
646453,P4415,Tonight Back,31,2024-07-29,39.52,10039,Netherlands
266316,P1691,Consider Way,48,2025-02-17,93.8,10066,Germany
365617,P8884,Light Begin,41,2025-05-03,30.58,10046,UK
799080,P4568,Rest Through,8,2024-04-17,24.36,10055,Netherlands
115799,P3742,Region Hand,18,2025-02-14,58.88,10050,Spain
109363,P1688,Attention Oil,38,2024-10-07,78.56,10060,Denmark
262520,P7084,Fill Vote,50,2024-04-01,9.86,10020,Sweden
195841,P6544,Today Coach,49,2025-02-15,62.89,10007,Netherlands
775885,P3521,Security Within,45,2025-02-06,54.1,10013,France
611540,P4812,Pull Contain,21,2025-04-20,98.19,10100,Netherlands
944654,P8187,High Movie,47,2024-02-03,20.1,10088,Belgium
475565,P3207,Campaign Deep,17,2025-04-19,89.97,10062,Sweden
686179,P5828,Chair Economic,35,2025-04-17,70.01,10024,Denmark
295692,P9906,Minute Agree,23,2024-05-19,33.04,10059,Italy
971733,P3627,Once Page,5,2024-05-25,53.58,10057,Italy
959222,P5314,Manage Suggest,35,2024-10-14,37.34,10000,Norway
497455,P4039,Carry Population,2,2025-06-29,62.35,10046,Denmark
350385,P6254,Before Attorney,47,2024-04-09,7.27,10068,Belgium
299092,P9586,Information Series,44,2025-02-21,50.26,10070,France
742818,P5638,Measure Never,21,2024-06-27,41.57,10041,Germany
200932,P9572,Specific It,43,2025-05-13,7.6,10016,France
132792,P4310,Paper Back,7,2023-11-18,49.05,10012,UK
698749,P7366,Free Quality,43,2023-10-09,49.5,10079,Denmark
368371,P1804,Listen Man,24,2025-01-22,22.85,10091,Germany
113721,P4419,Nation Guy,42,2023-11-20,49.65,10010,Sweden
939930,P1994,Unit Them,24,2025-04-10,56.24,10053,Netherlands
932831,P1955,Ok Push,40,2024-11-11,27.32,10005,Germany
974991,P5979,Court Special,5,2023-11-21,94.52,10066,Germany
206142,P4784,Lead Morning,35,2025-07-20,39.15,10024,Norway
788784,P5075,Trouble Around,37,2025-05-19,62.91,10022,Norway
885587,P7802,Capital National,48,2023-12-09,11.45,10081,Denmark
475351,P8515,Fly Community,45,2023-12-16,66.86,10013,France
930956,P3955,Future Worry,36,2025-02-13,40.75,10043,France
659835,P8258,Down Half,23,2025-08-12,90.35,10070,Netherlands
